applicant_name_patstat,company_name_stock,ticker_stock,match_score,match_type,sector_match,parent_match,confidence_mean,confidence_lower,confidence_upper,total_patents
BASF SE,BASF SE,BASFY,1.0,exact,False,True,1.0,1.0,1.0,399
Novartis AG,Novartis AG,NVS,1.0,exact,False,True,1.0,1.0,1.0,363
Siemens Aktiengesellschaft,Siemens Aktiengesellschaft,SIEGY,1.0,exact,False,True,1.0,1.0,1.0,348
Colgate-Palmolive Company,Colgate-Palmolive Company,CL,1.0,exact,False,True,0.9909683794466404,0.9805765430495892,1.0,321
Dow Global Technologies LLC,DOWA HOLDINGS INC.,DMI.BE,1.0,exact,False,True,1.0,1.0,1.0,282
LG Electronics Inc.,LG Electronics Inc.,066570.KS,1.0,exact,False,True,1.0,1.0,1.0,213
NIPPON STEEL & SUMITOMO METAL CORPORATION,Nippon Steel & Sumitomo Metal Corporation,NISTF,1.0,exact,True,True,1.0,1.0,1.0,206
"Toray Industries, Inc.","Toray Industries, Inc.",TRYIY,1.0,exact,False,True,1.0,1.0,1.0,195
Sony Corporation,Sony Corporation,SNE,1.0,exact,False,True,1.0,1.0,1.0,193
SCHLUMBERGER CANADA LIMITED,Schlumberger Limited,SLB,0.9565195246179966,fuzzy,False,True,0.9565195246179967,0.9565195246179966,0.9565195246179968,182
Sanofi,Sanofi,SAN.PA,1.0,exact,False,True,1.0,1.0,1.0,169
"Mitsubishi Heavy Industries, Ltd.","Mitsubishi Heavy Industries, Ltd.",MHVYF,1.0,exact,False,True,1.0,1.0,1.0,164
Unilever PLC,Unilever PLC,ULVR.L,1.0,exact,False,True,1.0,1.0,1.0,150
"NTT DoCoMo, Inc.","NTT DOCOMO, INC.",DCM,1.0,exact,False,True,1.0,1.0,1.0,136
General Electric Company,General Electric Company,GE,1.0,exact,False,True,1.0,1.0,1.0,135
"Nissan Motor Co., Ltd.","Nissan Motor Co., Ltd.",NSANY,1.0,exact,True,True,1.0,1.0,1.0,116
JFE Steel Corporation,JSW Steel Limited,JSWSTEEL.NS,0.8961904761904762,fuzzy,True,False,0.8961904761904762,0.8961904761904762,0.8961904761904762,108
"Sumitomo Chemical Company, Limited",SUMITOMO CHEM.,SMM.MU,1.0,exact,False,True,1.0,1.0,1.0,103
"Honda Motor Co., Ltd.","Honda Motor Co., Ltd.",HMC,1.0,exact,True,True,1.0,1.0,1.0,103
"Sumitomo Electric Industries, Ltd.","Sumitomo Electric Industries, Ltd.",SMTOY,1.0,exact,True,True,1.0,1.0,1.0,101
E. I. du Pont de Nemours and Company,E. I. du Pont de Nemours and Company,DD,1.0,exact,False,True,1.0,1.0,1.0,100
Nippon Steel & Sumitomo Metal Corporation,Nippon Steel & Sumitomo Metal Corporation,NISTF,1.0,exact,True,True,1.0,1.0,1.0,94
Amgen Inc.,Amgen Inc.,AMGN,1.0,exact,False,True,1.0,1.0,1.0,90
ALSTOM Technology Ltd,Alstom SA,ALO.PA,1.0,exact,False,True,1.0,1.0,1.0,90
Panasonic Corporation,PANASONIC CORP.,MAT1.DU,1.0,exact,False,True,1.0,1.0,1.0,89
NEC Corporation,NEC CORP.,NEC1.BE,1.0,exact,False,True,1.0,1.0,1.0,84
"Ricoh Company, Ltd.","Ricoh Company, Ltd.",RICO.L,1.0,exact,False,True,1.0,1.0,1.0,83
"Genentech, Inc.",Genetic Technologies Limited,GENE,0.8952380952380953,fuzzy,True,False,0.8876190476190476,0.8633718376740246,0.9118662575640707,81
Glaxo Group Limited,GLAXO4.BO,GLAXO4.BO,0.9112698412698413,fuzzy,False,True,0.9112698412698413,0.9112698412698413,0.9112698412698413,80
Mitsubishi Electric Corporation,Mitsubishi Electric Corporation,MIELY,1.0,exact,True,True,0.9860988582567531,0.9727831541760337,0.9994145623374726,76
"Samsung Electronics Co., Ltd.","Samsung Electronics Co., Ltd.",SSNLF,1.0,exact,False,True,1.0,1.0,1.0,75
THYSSENKRUPP UHDE GMBH,ThyssenKrupp AG,TKA.DE,0.9986815415821501,fuzzy,False,True,0.9986815415821501,0.9986815415821501,0.9986815415821501,74
OUTOTEC OYJ,Outotec Oyj,OUKPY,1.0,exact,False,True,1.0,1.0,1.0,73
"Cargill, Incorporated",Carillion plc,CLLN.L,0.8666666666666668,fuzzy,True,False,0.8666666666666668,0.8666666666666668,0.8666666666666668,73
GLAXOSMITHKLINE LLC,GlaxoSmithKline plc,GSK,1.0,exact,False,True,1.0,1.0,1.0,71
Bayer CropScience AG,BAYER CROPSCIENCE LTD.,BAYERCROP.BO,1.0,exact,False,True,1.0,1.0,1.0,68
ABB Technology AG,ABB Ltd,ABB,1.0,exact,False,True,0.9975213675213676,0.9921208912769027,1.0,67
Pfizer Inc.,Pfizer Inc.,PFE,1.0,exact,False,True,1.0,1.0,1.0,66
"Becton, Dickinson and Company","Becton, Dickinson and Company",BDX,1.0,exact,False,True,0.994375,0.976473739532776,1.0,66
Abbott Laboratories,Abbott Laboratories,ABT,1.0,exact,False,True,1.0,1.0,1.0,65
Shell Oil Company,Shale Oil International Inc.,SHLE,0.9296296296296296,fuzzy,True,False,0.9296296296296296,0.9296296296296296,0.9296296296296296,64
Novozymes A/S,Novozymes A/S,NVZMY,1.0,exact,False,True,1.0,1.0,1.0,63
"DAIICHI SANKYO COMPANY, LIMITED","Daiichi Sankyo Company, Limited",DSNKY,1.0,exact,True,True,1.0,1.0,1.0,62
Komatsu Ltd.,Komatsu Ltd.,KMTUY,1.0,exact,False,True,1.0,1.0,1.0,61
Takeda Pharmaceutical Company Limited,Takeda Pharmaceutical Company Limited,TKPYY,1.0,exact,True,True,1.0,1.0,1.0,60
Magna International Inc.,Magna International Inc.,MGA,1.0,exact,False,True,1.0,1.0,1.0,59
Thales,Thales SA,HONV.PA,1.0,exact,False,True,1.0,1.0,1.0,57
Schlumberger Technology Corporation,Schlumberger Limited,SLB,1.0,exact,False,True,0.9927083333333333,0.9867562695766108,0.9986603970900558,56
ZTE Corporation,ZTE Corporation,ZTCOY,1.0,exact,False,True,1.0,1.0,1.0,55
Linde Aktiengesellschaft,Linde Aktiengesellschaft,LNEGY,1.0,exact,False,True,1.0,1.0,1.0,54
Compagnie Generale des Etablissements Michelin,Compagnie Générale des Etablissements Michelin,ML.PA,1.0,exact,False,True,1.0,1.0,1.0,54
Nippon Telegraph and Telephone Corporation,Nippon Telegraph and Telephone Corporation,NTT,1.0,exact,False,True,1.0,1.0,1.0,54
Sharp Kabushiki Kaisha,Sharp Corporation,SRP.F,1.0,exact,False,True,1.0,1.0,1.0,52
Rockwool International A/S,Rockwool International A/S,ROCK-A.CO,1.0,exact,False,True,1.0,1.0,1.0,52
Eli Lilly and Company,Eli Lilly and Company,LLY,1.0,exact,False,True,0.9968281718281718,0.9942783954330137,0.99937794822333,49
UPM-Kymmene Corporation,UPM KYMMENE CORP.,RPL.BE,1.0,exact,False,True,1.0,1.0,1.0,49
BlackBerry Limited,BlackBerry Limited,BBRY,1.0,exact,False,True,1.0,1.0,1.0,49
"RAKUTEN, INC.","Rakuten, Inc.",RAK.F,1.0,exact,False,True,1.0,1.0,1.0,48
E.I. du Pont de Nemours and Company,E. I. du Pont de Nemours and Company,DD,1.0,exact,False,True,1.0,1.0,1.0,48
Ranbaxy Laboratories Limited,Ranbaxy Laboratories Ltd.,RANBAXY.NS,1.0,exact,False,True,0.9796464646464647,0.9422491590349459,1.0,48
ACTELION PHARMACEUTICALS LTD,"Alexion Pharmaceuticals, Inc.",AXP.DE,0.8671644871471421,fuzzy,True,False,0.8623549090033794,0.8568258220803361,0.8678839959264227,45
Kemira Oyj,KEMIRA OY,KEM.BE,1.0,exact,False,True,1.0,1.0,1.0,44
OMYA INTERNATIONAL AG,OM Holdings Limited,OMH.AX,0.8633333333333333,fuzzy,False,True,0.8633333333333333,0.8633333333333333,0.8633333333333333,44
GE HEALTHCARE LIMITED,"GE Capital Global Holdings, LLC",GEB,0.8575193107546049,fuzzy,False,False,0.8575193107546047,0.8575193107546044,0.8575193107546051,44
Astellas Pharma Inc.,Astellas Pharma Inc.,ALPMY,1.0,exact,True,True,1.0,1.0,1.0,43
KONINKLIJKE PHILIPS N.V.,Koninklijke Philips N.V.,PHG,1.0,exact,False,True,1.0,1.0,1.0,43
IHI Corporation,IHI CORP.,IWJ.DU,1.0,exact,False,True,1.0,1.0,1.0,43
Syngenta Limited,Syngenta AG,SYT,1.0,exact,False,True,1.0,1.0,1.0,42
Vertex Pharmaceuticals Incorporated,Vertex Pharmaceuticals Incorporated,VRTX,1.0,exact,False,True,0.9932782051282052,0.9746155106582667,1.0,41
Stora Enso Oyj,Stora Enso Oyj,SEOAY,1.0,exact,False,True,1.0,1.0,1.0,40
E I du Pont de Nemours and Company,E. I. du Pont de Nemours and Company,DD,1.0,exact,False,True,1.0,1.0,1.0,40
ARKEMA INC.,ARKEMA,AKEN.MX,1.0,exact,False,True,1.0,1.0,1.0,39
"Smith & Nephew, Inc.",Smith & Nephew plc,SN.L,1.0,exact,False,True,1.0,1.0,1.0,39
HUNTSMAN INTERNATIONAL LLC,Huntsman Corporation,HUN,1.0,exact,False,True,1.0,1.0,1.0,39
Lafarge,LafargeHolcim Ltd,HCMLY,0.9007692307692309,fuzzy,False,True,0.9007692307692309,0.9007692307692309,0.9007692307692309,39
Henkel AG & Co. KGaA,Henkel AG & Co. KGaA,HENOY,1.0,exact,False,True,1.0,1.0,1.0,37
Archer Daniels Midland Company,Archer-Daniels-Midland Company,ADM,1.0,exact,False,True,1.0,1.0,1.0,37
Koninklijke Philips N.V.,Koninklijke Philips N.V.,PHG,1.0,exact,False,True,1.0,1.0,1.0,36
Bristol-Myers Squibb Company,Bristol-Myers Squibb Company,BMY,1.0,exact,False,True,0.9988374704491726,0.9962076458987388,1.0,36
TOTAL SA,Totally plc,TLY.L,1.0,exact,False,True,1.0,1.0,1.0,36
"RICOH COMPANY, LIMITED","Ricoh Company, Ltd.",RICO.L,1.0,exact,False,True,1.0,1.0,1.0,36
Nippon Steel Corporation,Nico Steel Holdings Limited,5GF.SI,0.9399393939393941,fuzzy,True,False,0.9399393939393941,0.9399393939393941,0.9399393939393941,36
EVONIK INDUSTRIES AG,Evonik Industries AG,EVK.DE,1.0,exact,False,True,1.0,1.0,1.0,36
BAE Systems PLC,BAE Systems plc,BAESY,1.0,exact,False,True,1.0,1.0,1.0,36
Fisher & Paykel Healthcare Limited,Fisher & Paykel Healthcare Corporation Limited,FPH.NZ,1.0,exact,True,True,1.0,1.0,1.0,35
"ALMIRALL, S.A.","Almirall, S.A.",ALM.MC,1.0,exact,False,True,1.0,1.0,1.0,35
Cambridge Enterprise Limited,CAMBRIDGE TECHNOLOGY ENTERPRISE,CTE-EQ.NS,1.0,exact,False,True,1.0,1.0,1.0,34
"Allergan, Inc.",Allergan plc,AGN,1.0,exact,False,True,1.0,1.0,1.0,34
Cipla Limited,Cipla Limited,CIPLA.NS,1.0,exact,False,True,1.0,1.0,1.0,34
AMS RESEARCH CORPORATION,ams AG,AMS.SW,1.0,exact,False,True,1.0,1.0,1.0,33
MONSANTO TECHNOLOGY LLC,Monsanto Company,MON,1.0,exact,False,True,0.9953333333333333,0.9823765895090769,1.0,32
ENI S.P.A.,Eni S.p.A.,E,1.0,exact,False,True,1.0,1.0,1.0,32
NEC CORPORATION,NEC CORP.,NEC1.BE,1.0,exact,False,True,1.0,1.0,1.0,30
SGL CARBON SE,SGL Carbon SE,SGL.DE,1.0,exact,False,True,1.0,1.0,1.0,30
JFE STEEL CORPORATION,JSW Steel Limited,JSWSTEEL.NS,0.8961904761904762,fuzzy,True,False,0.8961904761904762,0.8961904761904762,0.8961904761904762,29
GlaxoSmithKline LLC,GlaxoSmithKline plc,GSK,1.0,exact,False,True,1.0,1.0,1.0,29
ABB RESEARCH LTD,ABB Ltd,ABB,1.0,exact,False,True,0.9975213675213676,0.9921208912769027,1.0,29
"Sumitomo Metal Mining Co., Ltd.","Sumitomo Metal Mining Co., Ltd.",S19.F,1.0,exact,True,True,1.0,1.0,1.0,29
The General Hospital Corporation,"The ONE Group Hospitality, Inc.",STKS,0.8641835357624832,fuzzy,True,False,0.8641835357624832,0.8641835357624832,0.8641835357624832,29
Fujitsu Limited,Fujitsu Limited,FJTSY,1.0,exact,False,True,1.0,1.0,1.0,29
ARRAY BIOPHARMA INC.,"ARCA biopharma, Inc.",HQ1N.F,1.0,exact,True,False,1.0,1.0,1.0,28
AstraZeneca AB,AstraZeneca PLC,AZN,1.0,exact,False,True,1.0,1.0,1.0,28
Omya International AG,OM Holdings Limited,OMH.AX,0.8633333333333333,fuzzy,False,True,0.8633333333333333,0.8633333333333333,0.8633333333333333,28
PRYSMIAN S.P.A.,Prysmian S.p.A.,PRY.MI,1.0,exact,False,True,1.0,1.0,1.0,28
Novo Nordisk A/S,Novo Nordisk A/S,NVO,1.0,exact,False,True,1.0,1.0,1.0,27
Wockhardt Limited,Wockhardt Limited,WOCKPHARMA.NS,1.0,exact,False,True,0.9876811594202898,0.9346774663733083,1.0,27
"Mitsubishi Gas Chemical Company, Inc.","Mitsubishi Gas Chemical Company, Inc.",MBGCF,1.0,exact,True,True,1.0,1.0,1.0,27
Research Triangle Institute,TIANGE,1980.HK,0.8628571428571429,fuzzy,False,False,0.8628571428571429,0.8628571428571429,0.8628571428571429,27
"Oncotherapy Science, Inc.","OncoTherapy Science, Inc.",30O.F,1.0,exact,False,True,1.0,1.0,1.0,27
"Nippon Soda Co., Ltd.",NIPPON SODA CO.LTD,N76.DU,1.0,exact,False,True,1.0,1.0,1.0,27
Lupin Limited,Lupin Limited,LUPIN.NS,1.0,exact,False,True,1.0,1.0,1.0,27
Albemarle Corporation,Albemarle Corporation,ALB,1.0,exact,False,True,1.0,1.0,1.0,27
BURCON NUTRASCIENCE (MB) CORP.,Burcon Nutrascience Corporation,BUR,1.0,exact,False,True,1.0,1.0,1.0,26
"Shionogi & Co., Ltd.","Shionogi & Co., Ltd.",SH0.F,1.0,exact,False,True,1.0,1.0,1.0,26
Johnson Matthey Public Limited Company,Johnson Matthey Plc,JMAT.L,0.9430917280917281,fuzzy,False,True,0.9430917280917281,0.9430917280917281,0.9430917280917281,26
"ALNYLAM PHARMACEUTICALS, INC.","Alnylam Pharmaceuticals, Inc.",ALNY,1.0,exact,False,True,0.9894925925925926,0.9442828674290816,1.0,26
"SCHNEIDER ELECTRIC USA, INC.",SCHNEIDER ELECTRIC,SCHN.TI,1.0,exact,True,True,1.0,1.0,1.0,25
INTELLIGENT ENERGY LIMITED,Intelligent Energy Holdings Plc,ITNRF,1.0,exact,True,True,1.0,1.0,1.0,25
HERAKLES,Heracles SA,ALHER.PA,0.905,fuzzy,False,False,0.905,0.905,0.905,25
Medical Research Council,"Medical Connections Holdings, Inc.",MCTH,0.9067946336429308,fuzzy,True,False,0.9067946336429308,0.9067946336429308,0.9067946336429308,25
Bridgestone Corporation,BRIDGESTONE CORP.,BGT.DU,1.0,exact,False,True,1.0,1.0,1.0,25
"Kuraray Co., Ltd.","Kuraray Co., Ltd.",KUY.F,1.0,exact,False,True,1.0,1.0,1.0,25
Smith & Nephew PLC,Smith & Nephew plc,SN.L,1.0,exact,False,True,1.0,1.0,1.0,25
DH TECHNOLOGIES DEVELOPMENT PTE. LTD.,Co-Tech Development Corporation,8358.TWO,1.0,exact,False,True,1.0,1.0,1.0,24
Japan Tobacco Inc.,Japan Tobacco Inc.,JAPAF,1.0,exact,False,True,1.0,1.0,1.0,24
Stepan Company,Stepan Company,SCL,1.0,exact,False,True,1.0,1.0,1.0,24
"SUMITOMO METAL MINING CO., LTD.","Sumitomo Metal Mining Co., Ltd.",S19.F,1.0,exact,True,True,1.0,1.0,1.0,24
"MEIJI CO., LTD.",MEIJI HOLDINGS CO.LTD,3M0.DU,1.0,exact,False,True,1.0,1.0,1.0,24
Illinois Tool Works Inc.,Illinois Tool Works Inc.,ITW,1.0,exact,False,True,1.0,1.0,1.0,24
SIKA TECHNOLOGY AG,Sika AG,SKFOF,1.0,exact,False,True,1.0,1.0,1.0,24
Intel Corporation,Intel Corporation,INTC,1.0,exact,False,True,1.0,1.0,1.0,24
H. Lundbeck A/S,H. Lundbeck A/S,LUN.CO,1.0,exact,False,True,1.0,1.0,1.0,23
Husqvarna AB,Husqvarna AB (publ),HUSQ-B.ST,0.9986815415821501,fuzzy,False,True,0.9986815415821501,0.9986815415821501,0.9986815415821501,23
"EXELIXIS, INC.","Exelixis, Inc.",EXEL,1.0,exact,False,True,1.0,1.0,1.0,23
"Ube Industries, Ltd.","Ube Industries, Ltd.",UBEOY,1.0,exact,False,True,1.0,1.0,1.0,23
Intelligent Energy Limited,Intelligent Energy Holdings Plc,ITNRF,1.0,exact,True,True,1.0,1.0,1.0,23
TAKAZONO TECHNOLOGY INCORPORATED,"Takano Co.,Ltd.",TDF.F,0.8595238095238096,fuzzy,False,False,0.8595238095238096,0.8595238095238096,0.8595238095238096,23
"CURNA, INC.",CURA TECHNOLOGIES LTD.,CURATECH.BO,0.896888888888889,fuzzy,False,False,0.896888888888889,0.896888888888889,0.896888888888889,22
KRAFT FOODS GLOBAL BRANDS LLC,"Kraft Foods Group, Inc.",KRFT,1.0,exact,True,True,1.0,1.0,1.0,22
Oiles Corporation,Oilex Ltd,OEX.AX,0.9480000000000002,fuzzy,True,False,0.9480000000000002,0.9480000000000002,0.9480000000000002,22
Saint-Gobain Isover,SAINT-GOBAIN,SGOB-U.TI,1.0,exact,True,True,1.0,1.0,1.0,22
Nokia Corporation,Nokia Corporation,NOK,1.0,exact,False,True,1.0,1.0,1.0,22
Vestas Wind Systems A/S,Vestas Wind Systems A/S,VWS.CO,1.0,exact,False,True,1.0,1.0,1.0,22
Kabushiki Kaisha Toshiba,Toshiba Corporation,TSE1.F,1.0,exact,False,True,0.984343434343434,0.971887227947125,0.9967996407397429,22
"ATYR PHARMA, INC.","aTyr Pharma, Inc.",LIFE,1.0,exact,False,True,1.0,1.0,1.0,22
ZOETIS LLC,Zoetis Inc.,ZTS,1.0,exact,False,True,1.0,1.0,1.0,22
"Gilead Sciences, Inc.","Gilead Sciences, Inc.",GILD,1.0,exact,False,True,1.0,1.0,1.0,22
Eaton Corporation,Eaton Corporation plc,ETN,1.0,exact,False,True,1.0,1.0,1.0,22
Telefonaktiebolaget LM Ericsson (publ),Telefonaktiebolaget LM Ericsson (publ),ERCA.DE,1.0,exact,False,True,1.0,1.0,1.0,22
"HANMI SCIENCE CO., LTD.","Hanmi Science Co., Ltd.",008930.KS,1.0,exact,False,True,1.0,1.0,1.0,22
"DIRTT ENVIRONMENTAL SOLUTIONS, LTD.",DIRTT Environmental Solutions Ltd.,DRT.TO,1.0,exact,False,True,1.0,1.0,1.0,22
Solvay SA,Solvay SA,SOLB.BR,1.0,exact,False,True,1.0,1.0,1.0,21
"Mitsubishi Rayon Co., Ltd.",Mitsubishi Corporation,MBI.F,0.9526923076923078,fuzzy,False,True,0.9526923076923078,0.9526923076923078,0.9526923076923078,21
International Business Machines Corporation,International Business Machines Corporation,IBM,1.0,exact,False,True,1.0,1.0,1.0,21
Saipem S.p.A.,Saipem S.p.A.,SPE1.F,1.0,exact,True,True,1.0,1.0,1.0,21
Isis Innovation Limited,Innovation Group plc,TIG.L,0.9273333333333335,fuzzy,False,True,0.9273333333333335,0.9273333333333335,0.9273333333333335,21
Innospec Limited,Innospec Inc.,OCT.F,1.0,exact,False,True,1.0,1.0,1.0,21
"MEGMILK SNOW BRAND CO., LTD.","Megmilk Snow Brand Co., Ltd.",6MG.F,1.0,exact,False,True,1.0,1.0,1.0,21
Kaneka Corporation,Kaneka Corporation,KKA.F,1.0,exact,False,True,1.0,1.0,1.0,20
Nippon Kayaku Kabushiki Kaisha,NIPPON KAYAKU,NP7.BE,1.0,exact,False,True,1.0,1.0,1.0,20
DOLBY INTERNATIONAL AB,"Dolby Laboratories, Inc.",DLB,0.9526923076923078,fuzzy,False,True,0.9526923076923078,0.9526923076923078,0.9526923076923078,20
"Air Products and Chemicals, Inc.","Air Products and Chemicals, Inc.",APD,1.0,exact,False,True,1.0,1.0,1.0,20
BASF Corporation,BASF,BASF.TI,1.0,exact,False,True,1.0,1.0,1.0,20
Total S.A.,TOTAL S.A.,TOT.MI,1.0,exact,False,True,1.0,1.0,1.0,20
De la Rue International Limited,De La Rue plc,DLAR.L,1.0,exact,False,True,1.0,1.0,1.0,20
SAAB AB,Saab AB (publ),SAAB-B.ST,0.9280701754385966,fuzzy,False,True,0.8937343358395994,0.8807226413178555,0.9067460303613433,19
"ISIS Pharmaceuticals, Inc.","Isis Pharmaceuticals, Inc.",ISIS,1.0,exact,True,True,1.0,1.0,1.0,19
FUJITSU LIMITED,Fujitsu Limited,FJTSY,1.0,exact,False,True,1.0,1.0,1.0,19
"CARGILL, INCORPORATED",Carillion plc,CLLN.L,0.8666666666666668,fuzzy,True,False,0.8666666666666668,0.8666666666666668,0.8666666666666668,19
Bombardier Inc.,Bombardier Inc.,BBD-A.TO,1.0,exact,False,True,1.0,1.0,1.0,19
Celgene Corporation,Celgene Corporation,CELG,1.0,exact,False,True,1.0,1.0,1.0,19
MALLINCKRODT LLC,"MALLINCKRODT PLC DL -,20",MCD.BE,0.9766666666666667,fuzzy,False,True,0.9665930956423316,0.8385962397801408,1.0,19
Technip France,Technip SA,THP.DE,0.9766666666666667,fuzzy,True,True,0.9766666666666668,0.9766666666666667,0.9766666666666669,19
"AGIOS PHARMACEUTICALS, INC.","Agios Pharmaceuticals, Inc.",AGIO,1.0,exact,False,True,1.0,1.0,1.0,18
FLUOR TECHNOLOGIES CORPORATION,Fluor Corporation,FLR,1.0,exact,False,True,1.0,1.0,1.0,18
"SEATTLE GENETICS, INC.","Seattle Genetics, Inc.",SGEN,1.0,exact,False,True,1.0,1.0,1.0,18
"NGK Spark Plug Co., Ltd.","NGK Spark Plug Co., Ltd.",NGK.F,1.0,exact,False,True,1.0,1.0,1.0,18
"Taiho Pharmaceutical Co., Ltd.",TAHO Pharmaceuticals Ltd.,6467.TWO,0.9018666666666667,fuzzy,False,False,0.9018666666666667,0.9018666666666667,0.9018666666666667,18
PIRAMAL ENTERPRISES LIMITED,Piramal Enterprises Limited,PEL.NS,1.0,exact,False,True,1.0,1.0,1.0,18
Teijin Limited,TEIJIN LTD,TIJ.BE,1.0,exact,False,True,1.0,1.0,1.0,18
Total SA,Totally plc,TLY.L,1.0,exact,False,True,1.0,1.0,1.0,18
MORPHO,Morphosys AG,MOR.DE,0.9766666666666667,fuzzy,False,True,0.9766666666666667,0.9766666666666667,0.9766666666666667,18
"ZAFGEN, INC.","Zafgen, Inc.",ZFGN,1.0,exact,False,True,1.0,1.0,1.0,18
Herakles,Heracles SA,ALHER.PA,0.905,fuzzy,False,False,0.905,0.905,0.905,18
Nortel Networks Limited,"Northport Network Systems, Inc.",NNWS,0.8698823529411764,fuzzy,True,False,0.8698823529411764,0.8698823529411764,0.8698823529411764,18
ABB TECHNOLOGY LTD,ABB Ltd,ABB,1.0,exact,False,True,0.9975213675213676,0.9921208912769027,1.0,18
PFIZER LIMITED,Pfizer Inc.,PFE,1.0,exact,False,True,1.0,1.0,1.0,18
"EPIZYME, INC.","Epizyme, Inc.",EPZM,1.0,exact,False,True,1.0,1.0,1.0,18
RECKITT BENCKISER LLC,Reckitt Benckiser Group plc,RBGLY,1.0,exact,False,True,0.9994541910331384,0.998195553298524,1.0,18
Nitto Denko Corporation,Nitto Denko Corporation,NDEKY,1.0,exact,False,True,1.0,1.0,1.0,17
"Mars, Incorporated",Mears Group plc,MER.L,0.8915555555555555,fuzzy,False,False,0.8915555555555555,0.8915555555555555,0.8915555555555555,17
SMA SOLAR TECHNOLOGY AG,SMA Solar Technology AG,S92.DE,1.0,exact,False,True,1.0,1.0,1.0,17
EVOGENE LTD.,Evogene Ltd.,EVGN,1.0,exact,False,True,1.0,1.0,1.0,17
BAYER CROPSCIENCE NV,BAYER CROPSCIENCE LTD.,BAYERCROP.BO,1.0,exact,False,True,1.0,1.0,1.0,17
"Mitsui Chemicals, Inc.","Mitsui Chemicals, Inc.",MSI.F,1.0,exact,True,True,0.9841979949874686,0.9659782505357615,1.0,17
"Hitachi Chemical Company, Ltd.","Hitachi Chemical Company, Ltd.",HCHMY,1.0,exact,True,True,1.0,1.0,1.0,17
XYLEM IP HOLDINGS LLC,Xylem Inc.,XYL,0.9526923076923078,fuzzy,False,True,0.9526923076923078,0.9526923076923078,0.9526923076923078,17
"Sekisui Chemical Co., Ltd.",SEKISUI CHEM.,SUI.BE,1.0,exact,False,True,1.0,1.0,1.0,17
"Santen Pharmaceutical Co., Ltd.","Santen Pharmaceutical Co., Ltd.",SNPHY,1.0,exact,True,True,1.0,1.0,1.0,17
"Nisshin Steel Co., Ltd.","Nisshin Steel Co., Ltd.",4NI.F,1.0,exact,True,True,1.0,1.0,1.0,16
Monsanto Technology LLC,Monsanto Company,MON,1.0,exact,False,True,0.9953333333333333,0.9823765895090769,1.0,16
"SK Chemicals Co., Ltd.","SK Chemicals Co., Ltd.",006125.KS,1.0,exact,True,True,1.0,1.0,1.0,16
ASTEX THERAPEUTICS LIMITED,Antibe Therapeutics Inc.,ATBPF,0.9715599810336654,fuzzy,True,False,0.9618581761770617,0.947463827212817,0.9762525251413064,16
CORNING CABLE SYSTEMS LLC,Corning Incorporated,GLW,0.9007692307692309,fuzzy,False,True,0.9007692307692309,0.9007692307692309,0.9007692307692309,16
Georgia Tech Research Corporation,Georgia Power Co.,GAPWP,0.9007692307692309,fuzzy,False,True,0.9007692307692309,0.9007692307692309,0.9007692307692309,16
Qinetiq Limited,QinetiQ Group plc,QQ.L,1.0,exact,False,True,1.0,1.0,1.0,16
Huntsman International LLC,Huntsman Corporation,HUN,1.0,exact,False,True,1.0,1.0,1.0,16
Kureha Corporation,KUREHA CORP,KUREF,1.0,exact,False,True,0.9883333333333333,0.966897160637897,1.0,16
"GOLFZON CO., LTD.",GOLFZON,215000.KQ,1.0,exact,False,True,1.0,1.0,1.0,16
Cadila Healthcare Limited,Cadila Healthcare Limited,CADILAHC.NS,1.0,exact,True,True,1.0,1.0,1.0,16
ABBVIE INC.,AbbVie Inc.,ABBV,1.0,exact,False,True,1.0,1.0,1.0,16
"General Mills, Inc.","General Mills, Inc.",GIS,1.0,exact,False,True,1.0,1.0,1.0,16
CHINA PETROLEUM & CHEMICAL CORPORATION,China Petroleum & Chemical Corporation,SNP,1.0,exact,True,True,1.0,1.0,1.0,16
"ARDEA BIOSCIENCES, INC.","Arcadia Biosciences, Inc.",RKDA,0.8675266597867217,fuzzy,False,False,0.8675266597867217,0.8675266597867217,0.8675266597867217,16
ABB Oy,ABB Ltd,ABB,0.8700000000000001,fuzzy,False,True,0.87,0.8699999999999999,0.8700000000000001,16
BLUE SOLUTIONS,BLUE SOLUTIONS,18B.BE,1.0,exact,False,True,1.0,1.0,1.0,15
Statoil ASA,Statoil ASA,STO,1.0,exact,True,True,1.0,1.0,1.0,15
Stora Enso OYJ,Stora Enso Oyj,SEOAY,1.0,exact,False,True,1.0,1.0,1.0,15
"Nippon Gas Co., Ltd.","Nippon Gas Co., Ltd.",NG0.F,1.0,exact,True,True,1.0,1.0,1.0,15
"Sumitomo Bakelite Co., Ltd.",Sumitomo Bakelite Company Limited,SZ8.MU,1.0,exact,False,True,1.0,1.0,1.0,15
FUJIFILM Corporation,FUJIFILM Holdings Corporation,FUJIY,1.0,exact,False,True,1.0,1.0,1.0,15
"Epizyme, Inc.","Epizyme, Inc.",EPZM,1.0,exact,False,True,1.0,1.0,1.0,15
Andritz Oy,Andritz AG,ADRZY,0.9954117647058824,fuzzy,False,True,0.9954117647058822,0.9954117647058821,0.9954117647058823,15
"Hitachi, Ltd.","Hitachi, Ltd.",HIA1.F,1.0,exact,False,True,0.9941847041847042,0.9799551879363431,1.0,15
NEKTAR THERAPEUTICS,Nektar Therapeutics,NKTR,1.0,exact,False,True,1.0,1.0,1.0,15
"MERRIMACK PHARMACEUTICALS, INC.","Merrimack Pharmaceuticals, Inc.",MACK,1.0,exact,False,True,1.0,1.0,1.0,15
"Idemitsu Kosan Co., Ltd.",Idemitsu Kosan Co. Limited,IDKOF,1.0,exact,False,True,1.0,1.0,1.0,15
MOOG INC.,Moog Inc.,MOG-A,1.0,exact,False,True,1.0,1.0,1.0,15
UNICHARM CORPORATION,UNICHARM CORP.,UN4.BE,1.0,exact,False,True,1.0,1.0,1.0,15
"KYOWA HAKKO KIRIN CO., LTD.","Kyowa Hakko Kirin Co., Ltd.",KY4.F,1.0,exact,False,True,1.0,1.0,1.0,15
"Morinaga Milk Industry Co., Ltd.","Morinaga Milk Industry Co., Ltd.",MO8.F,1.0,exact,False,True,1.0,1.0,1.0,14
Basilea Pharmaceutica AG,Basilea Pharmaceutica AG,BSLN.SW,1.0,exact,True,True,1.0,1.0,1.0,14
"Kimberly-Clark Worldwide, Inc.",Kimberly-Clark Corporation,KMB,1.0,exact,False,True,1.0,1.0,1.0,14
Morphosys AG,Morphosys AG,MOR.DE,1.0,exact,False,True,1.0,1.0,1.0,14
"Hanmi Pharm. Co., Ltd.","Hanmi Pharm. Co., Ltd.",128940.KS,1.0,exact,False,True,1.0,1.0,1.0,14
"AptarGroup, Inc.","AptarGroup, Inc.",ATR,1.0,exact,False,True,1.0,1.0,1.0,14
DIGNITY HEALTH,Dignity plc,DTY.L,0.8766666666666667,fuzzy,False,True,0.8766666666666667,0.8766666666666667,0.8766666666666667,14
Arkema Inc.,ARKEMA,AKEN.MX,1.0,exact,False,True,1.0,1.0,1.0,14
DH Technologies Development Pte. Ltd.,Co-Tech Development Corporation,8358.TWO,1.0,exact,False,True,1.0,1.0,1.0,14
Johnson Matthey PLC,Johnson Matthey Plc,JMAT.L,1.0,exact,False,True,1.0,1.0,1.0,14
NATIONAL OILWELL VARCO NORWAY AS,National Oilwell Varco Inc. Reg,NO8.SG,0.8661604774535808,fuzzy,True,False,0.8661604774535808,0.8661604774535808,0.8661604774535808,14
TRANSGENE SA,Transgene SA,TNG.PA,1.0,exact,False,True,1.0,1.0,1.0,14
TEGA INDUSTRIES LIMITED,Telpac Industries Inc,TLPC,0.8887712418300654,fuzzy,False,False,0.8867948668415201,0.8616826416010999,0.9119070920819403,14
"PTC THERAPEUTICS, INC.","PTC Therapeutics, Inc.",PTCT,1.0,exact,False,True,1.0,1.0,1.0,14
"Almirall, S.A.","Almirall, S.A.",ALM.MC,1.0,exact,False,True,1.0,1.0,1.0,14
"ARENA PHARMACEUTICALS, INC.","Arena Pharmaceuticals, Inc.",ARNA,1.0,exact,False,True,1.0,1.0,1.0,14
"FMC Technologies, Inc.",FMC Corporation,FMC,1.0,exact,False,True,1.0,1.0,1.0,14
DOW TECHNOLOGY INVESTMENTS LLC,Dolat Investments Limited,DOLAT.BO,0.9506760037348272,fuzzy,True,False,0.9270898324241976,0.6273991108027781,1.0,14
"FUTABA INDUSTRIAL CO., LTD.",FUTABA INDUSTRIAL,FBILF,1.0,exact,False,True,1.0,1.0,1.0,14
BAE Systems plc,BAE Systems plc,BAESY,1.0,exact,False,True,1.0,1.0,1.0,13
"Shin-Etsu Chemical Co., Ltd.",SHIN-ETSU CHEM.,SEH.BE,1.0,exact,False,True,1.0,1.0,1.0,13
SAINT-GOBAIN ISOVER,SAINT-GOBAIN,SGOB-U.TI,1.0,exact,True,True,1.0,1.0,1.0,13
ABB OY,ABB Ltd,ABB,0.8700000000000001,fuzzy,False,True,0.87,0.8699999999999999,0.8700000000000001,13
CERAVISION LIMITED,"CaerVision Global, Inc.",SUGO,0.908,fuzzy,False,False,0.908,0.908,0.908,13
"NIPPON GAS CO., LTD.","Nippon Gas Co., Ltd.",NG0.F,1.0,exact,True,True,1.0,1.0,1.0,13
MANNKIND CORPORATION,MannKind Corporation,MNKD,1.0,exact,False,True,1.0,1.0,1.0,13
"Ono Pharmaceutical Co., Ltd.","Ono Pharmaceutical Co., Ltd.",ON4.MU,1.0,exact,True,True,1.0,1.0,1.0,13
ConocoPhillips Company,ConocoPhillips,COP,1.0,exact,False,True,1.0,1.0,1.0,13
MASCOMA CORPORATION,Masco Corporation,MAS,1.0,exact,False,True,1.0,1.0,1.0,13
"PPG Industries Ohio, Inc.","PPG Industries, Inc.",PPG,1.0,exact,False,True,1.0,1.0,1.0,13
"POET RESEARCH, INC.",POET Technologies Inc.,POETF,1.0,exact,False,True,1.0,1.0,1.0,13
RANBAXY LABORATORIES LIMITED,Ranbaxy Laboratories Ltd.,RANBAXY.NS,1.0,exact,False,True,0.9796464646464647,0.9422491590349459,1.0,13
SIG Technology AG,SIG plc,SHI.L,1.0,exact,False,True,1.0,1.0,1.0,13
NV BEKAERT SA,NV BEKAERT SA,BEKSF,1.0,exact,False,True,1.0,1.0,1.0,13
ABLYNX NV,Ablynx NV,ABLX.BR,1.0,exact,False,True,1.0,1.0,1.0,13
SYNTA PHARMACEUTICALS CORP.,Synta Pharmaceuticals Corp.,SNTA,1.0,exact,True,True,1.0,1.0,1.0,13
"Nippon Paper Industries Co., Ltd.","Nippon Paper Industries Co., Ltd.",9NI.F,1.0,exact,True,True,1.0,1.0,1.0,13
CIPLA Limited,Cipla Limited,CIPLA.NS,1.0,exact,False,True,1.0,1.0,1.0,13
"Aerovironment, Inc.","AeroVironment, Inc.",AVAV,1.0,exact,False,True,1.0,1.0,1.0,13
Societe BIC,Société BIC SA,BB.PA,1.0,exact,False,True,1.0,1.0,1.0,13
Iogen Energy Corporation,Iona Energy Inc.,IONAF,0.949018006148441,fuzzy,True,False,0.9363478753130927,0.9283928285456511,0.9443029220805343,13
Sika Technology AG,Sika AG,SKFOF,1.0,exact,False,True,1.0,1.0,1.0,13
"ITO EN, LTD.","Ito En, Ltd.",ITOEF,1.0,exact,False,True,1.0,1.0,1.0,13
Array BioPharma Inc.,"ARCA biopharma, Inc.",HQ1N.F,1.0,exact,True,False,1.0,1.0,1.0,12
"Mochida Pharmaceutical Co., Ltd.","Mochida Pharmaceutical Co., Ltd.",MFY.F,1.0,exact,True,True,1.0,1.0,1.0,12
ORICA INTERNATIONAL PTE LTD,Orica Limited,ORI.AX,1.0,exact,False,True,1.0,1.0,1.0,12
GEOX S.P.A.,Geox S.p.A.,GXSBY,1.0,exact,False,True,1.0,1.0,1.0,12
Intertechnique,"Intertech Solutions , Inc.",ITEC,1.0,exact,True,True,1.0,1.0,1.0,12
ENDOSPAN LTD.,Endo International plc,ENL.TO,0.8766666666666667,fuzzy,False,True,0.8766666666666666,0.8766666666666663,0.8766666666666669,12
Petrowell Limited,Petro Welt Technologies AG,O2C.DE,0.871953216374269,fuzzy,False,False,0.871953216374269,0.871953216374269,0.871953216374269,12
Sanden Corporation,Sanden Holdings Corporation,SOE1.F,1.0,exact,False,True,1.0,1.0,1.0,12
LANXESS INTERNATIONAL SA,LANXESS AG,LXS.MU,1.0,exact,False,True,1.0,1.0,1.0,12
ABB Technology Ltd,ABB Ltd,ABB,1.0,exact,False,True,0.9975213675213676,0.9921208912769027,1.0,12
"SMARTCELLS, INC.",Smart Technologies Inc.,SMA.TO,0.8766666666666667,fuzzy,False,True,0.8766666666666666,0.8766666666666663,0.8766666666666669,12
"NIPPON SHARYO, LTD.","Nippon Sharyo, Ltd.",NPPSF,1.0,exact,False,True,1.0,1.0,1.0,12
KINGSPAN HOLDINGS (IRL) LIMITED,Kingspan Group plc,KGP.L,0.9766666666666667,fuzzy,False,True,0.9766666666666668,0.9766666666666667,0.9766666666666669,12
XEROS LIMITED,Xero Limited,XRO.AX,1.0,exact,False,True,1.0,1.0,1.0,11
PETROLEUM TECHNOLOGY COMPANY AS,Global Petroleum Limited,GBP.AX,1.0,exact,True,True,1.0,1.0,1.0,11
BAYER CROPSCIENCE LP,BAYER CROPSCIENCE LTD.,BAYERCROP.BO,1.0,exact,False,True,1.0,1.0,1.0,11
MITSUBISHI ELECTRIC CORPORATION,Mitsubishi Electric Corporation,MIELY,1.0,exact,True,True,0.9860988582567531,0.9727831541760337,0.9994145623374726,11
LATCHWAYS PLC,Latchways plc,LCWYF,1.0,exact,False,True,1.0,1.0,1.0,11
SUMITOMO ELECTRIC HARDMETAL CORP.,"Sumitomo Electric Industries, Ltd.",SMTOY,0.8572113997113996,fuzzy,True,False,0.8572113997113996,0.8572113997113996,0.8572113997113996,11
KT Corporation,KT Corporation,KT,1.0,exact,False,True,0.982098765432099,0.9690447817611516,0.9951527491030463,11
MEDIATEK INC.,MediaTek Inc.,2454.TW,1.0,exact,False,True,0.976346153846154,0.6757955418113188,1.0,11
"PPG INDUSTRIES OHIO, INC.","PPG Industries, Inc.",PPG,1.0,exact,False,True,1.0,1.0,1.0,11
MITSUBISHI TANABE PHARMA CORPORATION,MITSUBISHI TANABE PHARMA,TAY.BE,1.0,exact,True,True,1.0,1.0,1.0,11
Tokuyama Corporation,TOKUYAMA CORP.,TBT.MU,1.0,exact,False,True,1.0,1.0,1.0,11
"IRONWOOD PHARMACEUTICALS, INC.","Ironwood Pharmaceuticals, Inc.",IRWD,1.0,exact,True,True,1.0,1.0,1.0,11
"Alnylam Pharmaceuticals, Inc.","Alnylam Pharmaceuticals, Inc.",ALNY,1.0,exact,False,True,0.9894925925925926,0.9442828674290816,1.0,11
Hutchinson,Hutchinson Technology Inc.,HTCH,1.0,exact,False,True,0.976346153846154,0.9328849026120003,1.0,11
"TARGACEPT, INC.","Targacept, Inc.",TRGT,1.0,exact,False,True,1.0,1.0,1.0,11
Andritz AG,Andritz AG,ADRZY,1.0,exact,False,True,1.0,1.0,1.0,11
Interroll Holding AG,Interroll Holding AG,INRN.SW,1.0,exact,False,True,1.0,1.0,1.0,11
Ascendis Pharma A/S,Ascendis Pharma A/S,ASND,1.0,exact,False,True,1.0,1.0,1.0,11
Uni-Charm Corporation,UNICHARM CORP.,UN4.BE,0.9438779956427016,fuzzy,False,False,0.9438779956427016,0.9438779956427016,0.9438779956427016,11
Posco,POSCO,005490.KS,1.0,exact,False,True,1.0,1.0,1.0,11
"CODEXIS, INC.","Codexis, Inc.",CDXS,1.0,exact,False,True,1.0,1.0,1.0,11
Lonza LTD,Lonza Group Ltd,LO3.DE,1.0,exact,False,True,1.0,1.0,1.0,11
Zealand Pharma A/S,Zealand Pharma A/S,22Z.F,1.0,exact,True,True,1.0,1.0,1.0,11
"Ajinomoto Co., Inc.",AJINOMOTO,AJI.MU,1.0,exact,False,True,1.0,1.0,1.0,11
SMART HUB PTE. LTD.,Smart Technologies Inc.,SMA.TO,0.9112698412698413,fuzzy,False,True,0.9112698412698413,0.9112698412698413,0.9112698412698413,11
"ENDOCYTE, INC.","Endocyte, Inc.",ECYT,1.0,exact,False,True,1.0,1.0,1.0,11
ARCELORMITTAL,ArcelorMittal,MT,1.0,exact,False,True,1.0,1.0,1.0,11
BP Chemicals Limited,Bodal Chemicals Limited,BODALCHEM.NS,0.886956228956229,fuzzy,True,False,0.8818236331569665,0.8597398558308428,0.9039074104830903,11
BAVARIAN NORDIC A/S,Bavarian Nordic A/S,BVNKF,1.0,exact,False,True,1.0,1.0,1.0,11
"Kobe Steel, Ltd.","Kobe Steel, Ltd.",KBSTF,1.0,exact,True,True,1.0,1.0,1.0,11
Avery Dennison Corporation,Avery Dennison Corporation,AVY,1.0,exact,False,True,1.0,1.0,1.0,11
"ILLUMINA, INC.","Illumina, Inc.",ILMN,1.0,exact,False,True,1.0,1.0,1.0,10
E. I. Du Pont de Nemours and Company,E. I. du Pont de Nemours and Company,DD,1.0,exact,False,True,1.0,1.0,1.0,10
Cabot Corporation,Cabot Corporation,CBT,1.0,exact,False,True,1.0,1.0,1.0,10
Lintec Corporation,LINTEC Corporation,LNTEF,1.0,exact,False,True,1.0,1.0,1.0,10
SHAWCOR LTD.,ShawCor Ltd.,SCL.TO,1.0,exact,False,True,1.0,1.0,1.0,10
"CSP TECHNOLOGIES, INC.",CSP Inc.,CSPI,1.0,exact,False,True,0.9785185185185187,0.9323048410514122,1.0,10
MASCO BATH CORPORATION,Masco Corporation,MAS,0.8766666666666667,fuzzy,False,True,0.8766666666666666,0.8766666666666663,0.8766666666666669,10
